ship;flag;lenght;draft;navigation;arrival;notice;office;first_operation;second_operation;first_goods;second_goods;first_weight;second_weight;voyage;duv;priority;terminal;ship_type
JAG SPARROW;LIBERIANA;228;7;Long;04/12/2023 04:42:00;5107-1;AGÊNCIA MARÍTIMA ORION;DESC   ;0;OLEO DIESEL;0;56262;0;5318-82023;524652023;B;ALAMOA;LIQUIDO A GRANEL
OWL 5;ILHAS MARSHALL;129;8.4;Long;08/12/2023 09:30:00;5207-8;ROCHAMAR AGENCIA MARITIMA S/A;EMB ;0;GRAN.LIQUIDO NAO ESPECIF;0;3750;0;5518-72023;548962023;B;ALAMOA;LIQUIDO A GRANEL
FAIRCHEM EDGE;ILHAS MARSHALL;147;9;Long;13/12/2023 07:12:00;5250-7;LBH BRASIL AG MARITIMO LTDA;EMB ;0;ETHANOL;0;16800;0;5438-32023;541272023;B;ALAMOA;LIQUIDO A GRANEL
ELAN VITAL;ILHAS MARSHALL;228;7.5;Long;16/12/2023 11:12:00;5302-3;NORTH STAR SUDESTE SERVICOS MARITIMOS LTDA-EPP;DESC   ;0;OLEO DIESEL;0;21530;0;5471--2023;518592023;B;ALAMOA;LIQUIDO A GRANEL
ANITA GARIBALDI;BRASILEIRA;228;11.2;Long;18/12/2023 09:30:00;5329-5;CONE SUL AGENCIA DE NAVEGAÇÃO S/C LTDA.;EMB ;0;OLEO COMBUSTIVEL;0;42000;0;5592-22023;556302023;B;ALAMOA;LIQUIDO A GRANEL
JAKARTA;LIBERIANA;183;11;Cabo;19/12/2023 15:00:00;5345-7;CONE SUL AGENCIA DE NAVEGAÇÃO S/C LTDA.;EMB ;0;OLEO COMBUSTIVEL;0;27000;0;5597-42023;560182023;B;ALAMOA;LIQUIDO A GRANEL
TROY;ILHAS DE COOK;229;8.5;Long;20/12/2023 01:00:00;5348-1;NORTH STAR SUDESTE SERVICOS MARITIMOS LTDA-EPP;DESC   ;0;OLEO DIESEL;0;29900;0;5497-02023;543152023;B;ALAMOA;LIQUIDO A GRANEL
FLUMAR BRASIL;BRASILEIRA;183;11;Cabo;21/12/2023 20:30:00;5384-8;CONE SUL AGENCIA DE NAVEGAÇÃO S/C LTDA.;EMB ;0;OLEO DIESEL;0;30000;0;5656--2023;566562023;B;ALAMOA;LIQUIDO A GRANEL
SAKURA ADVANCE;PANAMENHA;170;7;Long;22/12/2023 11:18:00;5395-3;WAYPOINT AGENCIA MARITIMA LTDA;DESC   ;0;GRAN.LIQUIDO NAO ESPECIF;0;7000;0;5524-72023;549832023;B;ALAMOA;LIQUIDO A GRANEL
STOLT SYPRESS;LIBERIANA;182;9;Long;24/12/2023 18:04:00;5426-7;UNIMAR AGENCIAMENTOS MARITIMOS LTDA;EMB ;0;GRAN.LIQUIDO NAO ESPECIF;0;20138;0;5634-72023;562402023;B;AGEO(ILHA);LIQUIDO A GRANEL
MOCKINGBIRD;SINGAPURENSE;147;5;Long;24/12/2023 22:36:00;5428-3;ROCHAMAR AGENCIA MARITIMA S/A;EMB;DESC;GRAN.LIQUIDO NAO ESPECIF;GRAN.LIQUIDO NAO ESPECIF;3464;2400;5530-72023;550992023;B;ILHA;LIQUIDO A GRANEL
G SILVER;COREANA;146;8;Long;25/12/2023 01:35:00;5429-1;UNIMAR AGENCIAMENTOS MARITIMOS LTDA;DESC   ;0;GRAN.LIQUIDO NAO ESPECIF;0;4150;0;5589-12023;557582023;B;ALAMOA;LIQUIDO A GRANEL
STOLT VIRTUE;LIBERIANA;159;8;Long;25/12/2023 04:35:00;5433-0;UNIMAR AGENCIAMENTOS MARITIMOS LTDA;DESC   ;0;GRAN.LIQUIDO NAO ESPECIF;0;5567;0;5692-72023;565022023;B;ALA.-I.B.;LIQUIDO A GRANEL
PAMPERO;ILHAS MARSHALL;226;8;Long;25/12/2023 21:00:00;5447-0;CONE SUL AGENCIA DE NAVEGAÇÃO S/C LTDA.;DESC   ;0;GAS LIQUEFEITO;0;10500;0;5573-82023;559712023;B;ALAMOA;LIQUIDO A GRANEL
ENDLESS SUMMER;ILHAS MARSHALL;183;7;Cabo;26/12/2023 06:42:00;5454-2;CONE SUL AGENCIA DE NAVEGAÇÃO S/C LTDA.;EMB ;0;OLEO DIESEL;0;25000;0;5747-62023;573882023;B;ALAMOA;LIQUIDO A GRANEL
BOW ATLANTIC;BRASILEIRA;142;8;Cabo;26/12/2023 15:15:00;5465-8;AGENCIA MARITIMA GRANEL LTDA.;DESC   ;0;GRAN.LIQUIDO NAO ESPECIF;0;12000;0;5695-62023;569342023;B;ILHA;LIQUIDO A GRANEL
MAERSK KIERA;SINGAPURENSE;183;8.5;Cabo;27/12/2023 09:00:00;5473-9;CONE SUL AGENCIA DE NAVEGAÇÃO S/C LTDA.;EMB ;0;OLEO COMBUSTIVEL;0;25000;0;5746-02023;573892023;B;ALAMOA;LIQUIDO A GRANEL
OCTONAUT;ILHAS MARSHALL;146;9.7;Long;27/12/2023 11:41:00;5476-3;WILLIAMS SERVICOS MARITIMOS LTDA.;EMB ;0;ALCOOL;0;12702;0;5757-12023;571032023;B;ALAMOA;LIQUIDO A GRANEL
YARA FREYA;NORUEGUESA;180;7;Long;27/12/2023 16:30:00;5478-0;WILHELMSEN PORT SERVICES BRASIL LTDA;DESC   ;0;PRODUTOS QUIMICOS;0;18800;0;5727-52023;571322023;B;ULTRAFERTIL;LIQUIDO A GRANEL
ATLANTIC PRIDE;ITALIANA;183;11.5;Long;28/12/2023;;CONE SUL AGENCIA DE NAVEGAÇÃO S/C LTDA.;EMB ;0;OLEO DIESEL;0;36000;0;5240-92023;518152023;B;ALAMOA;LIQUIDO A GRANEL
AVON;LIBERIANA;183;10;Cabo;28/12/2023;;CONE SUL AGENCIA DE NAVEGAÇÃO S/C LTDA.;EMB ;0;OLEO DIESEL;0;30000;0;4498-22023;449042023;B;ALAMOA;LIQUIDO A GRANEL
CLYDE;LIBERIANA;183;10;Cabo;28/12/2023;;CONE SUL AGENCIA DE NAVEGAÇÃO S/C LTDA.;EMB ;0;OLEO COMBUSTIVEL;0;20000;0;4783-92023;474832023;B;ALAMOA;LIQUIDO A GRANEL
CUMBIA 1;ILHAS MARSHALL;183;12;Cabo;28/12/2023;;CONE SUL AGENCIA DE NAVEGAÇÃO S/C LTDA.;EMB ;0;OLEO COMBUSTIVEL;0;15000;0;5594-52023;558722023;B;ALAMOA;LIQUIDO A GRANEL
GARRINCHA;BRASILEIRA;249;12.1;Cabo;28/12/2023;;CONE SUL AGENCIA DE NAVEGAÇÃO S/C LTDA.;EMB ;0;OLEO COMBUSTIVEL;0;25000;0;5731-22023;572042023;B;ALAMOA;LIQUIDO A GRANEL
GAVI C;LIBERIANA;184;11;Cabo;28/12/2023;;CONE SUL AGENCIA DE NAVEGAÇÃO S/C LTDA.;EMB ;0;OLEO DIESEL;0;35000;0;5744-72023;573262023;B;ALAMOA;LIQUIDO A GRANEL
GAVI C;LIBERIANA;184;11;Cabo;28/12/2023;;CONE SUL AGENCIA DE NAVEGAÇÃO S/C LTDA.;EMB ;0;OLEO DIESEL;0;35000;0;5593-92023;555762023;B;ALAMOA;LIQUIDO A GRANEL
HORIZON THEANO;LIBERIANA;183;12;Cabo;28/12/2023;;CONE SUL AGENCIA DE NAVEGAÇÃO S/C LTDA.;EMB ;0;OLEO DIESEL;0;25000;0;5568-42023;558752023;B;ALAMOA;LIQUIDO A GRANEL
JAKARTA;LIBERIANA;183;11;Cabo;28/12/2023;;CONE SUL AGENCIA DE NAVEGAÇÃO S/C LTDA.;EMB ;0;OLEO COMBUSTIVEL;0;27000;0;3740-42023;380042023;B;ALAMOA;LIQUIDO A GRANEL
JOROPO;ILHAS MARSHALL;183;7.6;Cabo;28/12/2023;;CONE SUL AGENCIA DE NAVEGAÇÃO S/C LTDA.;EMB ;0;GASOLINA COMUM;0;20000;0;5676-12023;568042023;B;ALAMOA;LIQUIDO A GRANEL
MAERSK MALAGA;SINGAPURENSE;183;11.8;Long;28/12/2023;;CONE SUL AGENCIA DE NAVEGAÇÃO S/C LTDA.;EMB ;0;OLEO COMBUSTIVEL;0;27000;0;4860-32023;478692023;B;ALAMOA;LIQUIDO A GRANEL
RÔMULO ALMEIDA;BRASILEIRA;183;10.2;Cabo;28/12/2023;;CONE SUL AGENCIA DE NAVEGAÇÃO S/C LTDA.;EMB ;0;GASOLINA COMUM;0;19000;0;5493-42023;546342023;B;ALAMOA;LIQUIDO A GRANEL
SALSA;ILHAS MARSHALL;180;6.4;Cabo;28/12/2023;;CONE SUL AGENCIA DE NAVEGAÇÃO S/C LTDA.;EMB ;0;GASOLINA COMUM;0;20000;0;5588-52023;556782023;B;ALAMOA;LIQUIDO A GRANEL
SERGIO BUARQUE DE HOLANDA;BRASILEIRA;183;10.5;Cabo;28/12/2023;;CONE SUL AGENCIA DE NAVEGAÇÃO S/C LTDA.;EMB ;0;OLEO DIESEL;0;34000;0;4590-62023;457342023;B;ALAMOA;LIQUIDO A GRANEL
TAVRICHESKY BRIDGE;LIBERIANA;183;7.6;Long;28/12/2023;;TRANSATLANTICA AFRETAMENTOS E SERVICOS MARITIMOS LTDA;DESC   ;0;GRAN.LIQUIDO NAO ESPECIF;0;35884;0;5659-02023;556692023;B;AGEO(ILHA);LIQUIDO A GRANEL
TORM MARY;DINAMARQUESA;183;12;Long;28/12/2023;;CONE SUL AGENCIA DE NAVEGAÇÃO S/C LTDA.;EMB ;0;OLEO COMBUSTIVEL;0;45000;0;5567-82023;556562023;B;ALAMOA;LIQUIDO A GRANEL
VINJERAC;CROATA;195;11;Long;28/12/2023;;CONE SUL AGENCIA DE NAVEGAÇÃO S/C LTDA.;EMB ;0;GASOLINA COMUM;0;30000;0;5450-32023;538802023;B;ALAMOA;LIQUIDO A GRANEL
STENA IMAGE;DINAMARQUESA;183;5;Long;28/12/2023 10:00:00;;ROCHAMAR AGENCIA MARITIMA S/A;DESC   ;0;GRAN.LIQUIDO NAO ESPECIF;0;7500;0;5741-82023;571992023;B;AGEO(ILHA);LIQUIDO A GRANEL
SILVERLIGHT;ILHAS MARSHALL;228;7.1;Long;28/12/2023 12:48:00;5492-5;TRANSATLANTICA AFRETAMENTOS E SERVICOS MARITIMOS LTDA;DESC   ;0;OLEO DIESEL;0;16600;0;5694-02023;569032023;B;ALAMOA;LIQUIDO A GRANEL
SCF PRIME;LIBERIANA;228;7;Long;28/12/2023 16:00:00;5493-3;AGÊNCIA MARÍTIMA ORION;DESC   ;0;OLEO DIESEL;0;51566;0;5500--2023;545882023;B;ALAMOA;LIQUIDO A GRANEL
CARLOS FISCHER;LIBERIANA;205;10.5;Long;30/12/2023 08:00:00;;RELIANCE AGENCIAMENTO E SERVICOS PORTUARIOS LTDA.;EMB ;0;SUCOS CITRICOS A GRANEL;0;30080;0;5797-32023;578752023;B;29;LIQUIDO A GRANEL
MTM HOUSTON;SINGAPURENSE;144;6.6;Long;31/12/2023 07:00:00;;WILLIAMS SERVICOS MARITIMOS LTDA.;EMB ;0;GRAN.LIQUIDO NAO ESPECIF;0;3303;0;5832-32023;576102023;B;ALAMOA;LIQUIDO A GRANEL
ZEYNEP;REP. GABON;184;9;Cabo;31/12/2023 10:00:00;;TRANSATLANTICA AFRETAMENTOS E SERVICOS MARITIMOS LTDA;DESC   ;0;OLEO DIESEL;0;27687;0;5806-22023;576882023;B;AGEO(ILHA);LIQUIDO A GRANEL
FILIZ;TURCA;183;8.5;Cabo;01/01/2024 05:00:00;;TRANSATLANTICA AFRETAMENTOS E SERVICOS MARITIMOS LTDA;DESC   ;0;GRAN.LIQUIDO NAO ESPECIF;0;36296;0;5831-72023;556742023;B;AGEO(ILHA);LIQUIDO A GRANEL
STOLT SUN;GRANDCAYMANA;163;8;Long;01/01/2024 05:00:00;;UNIMAR AGENCIAMENTOS MARITIMOS LTDA;DESC   ;0;GRAN.LIQUIDO NAO ESPECIF;0;1516;0;5761-92023;571252023;B;ILHA;LIQUIDO A GRANEL
SANTIAGO I;CIPRIOTA;183;10;Long;02/01/2024 10:00:00;;TRANSATLANTICA AFRETAMENTOS E SERVICOS MARITIMOS LTDA;EMB;DESC;SODA CAUSTICA;SODA CAUSTICA;6000;6566;5775-02023;576622023;B;AGEO(ILHA);LIQUIDO A GRANEL
BOW OCEANIC;ILHAS MARSHALL;142;8;Cabo;03/01/2024 10:00:00;;AGENCIA MARITIMA GRANEL LTDA.;DESC   ;0;GRAN.LIQUIDO NAO ESPECIF;0;4010;0;5798-02023;579552023;B;DOW;LIQUIDO A GRANEL
ORANGE OCEAN;LIBERIANA;170;9;Long;06/01/2024;;LACHMANN AGENCIA MARITIMA LTDA;EMB ;0;SUCOS CITRICOS A GRANEL;0;17700;0;5807-92023;579222023;B;CUTRALE;LIQUIDO A GRANEL
MAERSK KATALIN;SINGAPURENSE;183;9.6;Cabo;06/01/2024 10:00:00;;CONE SUL AGENCIA DE NAVEGAÇÃO S/C LTDA.;EMB ;0;OLEO DIESEL;0;25000;0;5827-02023;580312023;B;ALAMOA;LIQUIDO A GRANEL
ORANGE STAR;LIBERIANA;190;9;Long;10/01/2024;;LACHMANN AGENCIA MARITIMA LTDA;EMB ;0;SUCOS CITRICOS A GRANEL;0;32000;0;5833-02023;579272023;B;CUTRALE;LIQUIDO A GRANEL
ORANGE SKY;LIBERIANA;172;9;Long;14/01/2024;;LACHMANN AGENCIA MARITIMA LTDA;EMB ;0;SUCOS CITRICOS A GRANEL;0;20700;0;5834-62023;579312023;B;CUTRALE;LIQUIDO A GRANEL
ORANGE WAVE;LIBERIANA;157;9;Long;17/01/2024;;LACHMANN AGENCIA MARITIMA LTDA;EMB ;0;SUCOS CITRICOS A GRANEL;0;12600;0;5835-22023;579392023;B;CUTRALE;LIQUIDO A GRANEL
AQUA REGIA;PANAMENHA;170;13;Long;28/12/2023;;FERTIMPORT S/A.;DESC   ;0;TRIGO A GRANEL;0;29000;0;4310-32023;428782023;B;29/30;TRIGO
BERGE SNAEFELL;REINO UNIDO;180;5;Long;28/12/2023;;WILSON SONS S/A - COMERCIO, INDUSTRIA E AGENCIA DE NAVEGACAO;DESC   ;0;TRIGO A GRANEL;0;15000;0;5660-82023;567382023;B;29/30;TRIGO
NAVA ULYSSES;ILHAS MARSHALL;180;6.5;Long;31/12/2023;;FERTIMPORT S/A.;DESC   ;0;TRIGO A GRANEL;0;27500;0;5735-82023;569822023;B;29/30;TRIGO
RUTH;LIBERIANA;229;13;Long;23/10/2023 07:00:00;4453-9;AGÊNCIA MARÍTIMA CARGONAVE (SP) LTDA.;EMB ;0;MILHO A GRANEL;0;68000;0;4682-82023;462252023;B;TEG;GRANEIS DE ORIGEM VEGETAL
THE WISE;PANAMENHA;225;13;Long;15/11/2023 06:24:00;4823-2;AGÊNCIA MARÍTIMA CARGONAVE (SP) LTDA.;EMB ;0;MILHO A GRANEL;0;66000;0;5136-72023;507892023;B;SUG.26;GRANEIS DE ORIGEM VEGETAL
XING HUAN HAI;SINGAPURENSE;227;13.1;Long;22/11/2023 17:54:00;4933-6;FERTIMPORT S/A.;EMB ;0;PELLETS A GRANEL;0;68000;0;5229-52023;512232023;B;39;GRANEIS DE ORIGEM VEGETAL
ANASTASIA K;BAHAMENSE;229;13.3;Long;26/11/2023 23:12:00;4995-6;WORLD SHIPPING AGENCIAMENTOS LTDA;EMB ;0;PELLETS A GRANEL;0;62000;0;5316-52023;524372023;B;35/37;GRANEIS DE ORIGEM VEGETAL
NESTOR S;GREGA;225;13.3;Long;07/12/2023 12:00:00;5163-2;WAYPOINT AGENCIA MARITIMA LTDA;EMB ;0;MILHO A GRANEL;0;1;0;5398-12023;534372023;B;38;GRANEIS DE ORIGEM VEGETAL
EVER HARMONY;PANAMENHA;180;10;Long;08/12/2023 10:42:00;5178--;WAYPOINT AGENCIA MARITIMA LTDA;EMB ;0;MILHO A GRANEL;0;1;0;5397-52023;534712023;B;ULTRAFERTIL;GRANEIS DE ORIGEM VEGETAL
RUBY STAR;BAHAMENSE;229;13;Long;08/12/2023 16:39:00;5181--;AGÊNCIA MARÍTIMA CARGONAVE (SP) LTDA.;EMB ;0;MILHO A GRANEL;0;68000;0;5458-42023;542942023;B;T.E.A.G.;GRANEIS DE ORIGEM VEGETAL
WISDOM DIVA;PANAMENHA;229;14.1;Long;16/12/2023 10:00:00;5298-1;ALPHAMAR AGÊNCIA MARÍTIMA  LTDA.;EMB ;0;MILHO A GRANEL;0;72920;0;5547-72023;553892023;B;TGG;GRANEIS DE ORIGEM VEGETAL
NAVIOS HORIZON I;PANAMENHA;229;14.4;Long;20/12/2023 18:00:00;5365-1;ALPHAMAR AGÊNCIA MARÍTIMA  LTDA.;EMB ;0;MILHO A GRANEL;0;74655;0;5603-42023;548712023;B;38;GRANEIS DE ORIGEM VEGETAL
AGIOS KONSTANTINOS;CIPRIOTA;225;13.3;Long;21/12/2023 00:58:00;5372-4;FERTIMPORT S/A.;EMB ;0;PELLETS A GRANEL;0;64000;0;5523--2023;546432023;B;39;GRANEIS DE ORIGEM VEGETAL
THE GUARDIAN;PANAMENHA;229;13;Long;21/12/2023 03:42:00;5375-9;AGÊNCIA MARÍTIMA CARGONAVE (SP) LTDA.;EMB ;0;MILHO A GRANEL;0;1;0;5683-82023;568832023;B;CODESP-RUA;GRANEIS DE ORIGEM VEGETAL
ADMIRAL REIWA;LIBERIANA;229;13.2;Long;21/12/2023 16:26:00;5383-0;CARGILL AGRICOLA S/A.;EMB ;0;SOJA A GRANEL;0;66000;0;5646-52023;561212023;B;ULTRAFERTIL;GRANEIS DE ORIGEM VEGETAL
CAPE KENNEDY;CIPRIOTA;229;13;Long;28/12/2023;;AGÊNCIA MARÍTIMA CARGONAVE (SP) LTDA.;EMB ;0;MILHO A GRANEL;0;68000;0;5563-22023;557492023;B;TEG;GRANEIS DE ORIGEM VEGETAL
KYOTO STAR;LIBERIANA;229;13.3;Long;28/12/2023;;FERTIMPORT S/A.;EMB ;0;SOJA A GRANEL;0;72450;0;3852-72023;391112023;B;ULTRAFERTIL;GRANEIS DE ORIGEM VEGETAL
NAVIOS HOPE;PANAMENHA;225;13.3;Long;28/12/2023;;FERTIMPORT S/A.;EMB ;0;MILHO A GRANEL;0;68250;0;4194-32023;423692023;B;19;GRANEIS DE ORIGEM VEGETAL
OLIVIA R;ILHAS MARSHALL;229;13;Long;28/12/2023;;CARGILL AGRICOLA S/A.;EMB ;0;MILHO A GRANEL;0;67000;0;4191-62022;435292022;B;TEG;GRANEIS DE ORIGEM VEGETAL
VITAKOSMOS;LIBERIANA;229;13;Long;28/12/2023;;AGÊNCIA MARÍTIMA CARGONAVE (SP) LTDA.;EMB ;0;PELLETS A GRANEL;0;27000;0;5411-82023;534952023;B;35/37;GRANEIS DE ORIGEM VEGETAL
NAVIOS SPHERA;PANAMENHA;229;13;Long;28/12/2023 02:30:00;5485-2;CARGILL AGRICOLA S/A.;EMB ;0;MILHO A GRANEL;0;66000;0;5649-42023;566512023;B;38;GRANEIS DE ORIGEM VEGETAL
STAR CRIMSON;PANAMENHA;200;11.8;Long;28/12/2023 12:00:00;;ALPHAMAR AGÊNCIA MARÍTIMA  LTDA.;EMB ;0;PELLETS A GRANEL;0;50400;0;5765-42023;576272023;B;38;GRANEIS DE ORIGEM VEGETAL
MSXT BELLONA;ILHAS MARSHALL;229;13;Long;30/12/2023;;ALPHAMAR AGÊNCIA MARÍTIMA  LTDA.;EMB ;0;MILHO A GRANEL;0;71500;0;5716-32023;570822023;B;39;GRANEIS DE ORIGEM VEGETAL
EASTERN HEATHER;HONG KONG;229;13.3;Long;01/01/2024;;FERTIMPORT S/A.;EMB ;0;MILHO A GRANEL;0;68000;0;5732-92023;569502023;B;TGG;GRANEIS DE ORIGEM VEGETAL
LONGEVITY DIVA;LIBERIANA;229;12;Long;01/01/2024;;ALPHAMAR AGÊNCIA MARÍTIMA  LTDA.;EMB ;0;MILHO A GRANEL;0;76129;0;5714--2023;569152023;B;TGG;GRANEIS DE ORIGEM VEGETAL
CAPTAIN GEORGE;LIBERIANA;229;13.3;Long;06/01/2024;;FERTIMPORT S/A.;EMB ;0;MILHO A GRANEL;0;65000;0;5721-72023;569482023;B;TGG;GRANEIS DE ORIGEM VEGETAL
DOUKATO;MALTESA;229;11;Long;06/01/2024;;WILLIAMS SERVICOS MARITIMOS LTDA.;EMB ;0;PELLETS A GRANEL;0;34000;0;5764-82023;576182023;B;38;GRANEIS DE ORIGEM VEGETAL
CRYSTAL;SINGAPURENSE;210;11.8;Long;10/01/2024 08:00:00;;ALPHAMAR AGÊNCIA MARÍTIMA  LTDA.;EMB ;0;PELLETS A GRANEL;0;62500;0;5795--2023;567742023;B;38;GRANEIS DE ORIGEM VEGETAL
HSL TAMPA;PANAMENHA;229;12.2;Long;11/01/2024 18:00:00;;AGÊNCIA MARÍTIMA CARGONAVE (SP) LTDA.;EMB ;0;SOJA A GRANEL;0;66000;0;5826-32023;579412023;B;AR.12A - BG/ITA;GRANEIS DE ORIGEM VEGETAL
ELENI M;MALTESA;190;7;Long;24/11/2023 11:48:00;4959-0;WILSON SONS S/A - COMERCIO, INDUSTRIA E AGENCIA DE NAVEGACAO;DESC   ;0;FERTILIZANTES;0;45128;0;5207-12023;509662023;B;CODESP-TERMAG;GRANEIS SOLIDOS - IMPORTACAO
SEABONI;MALTESA;200;8.4;Long;29/11/2023 09:42:00;5039-3;ALPHAMAR AGÊNCIA MARÍTIMA  LTDA.;DESC   ;0;FERTILIZANTES;0;18739;0;5290-62023;499402023;B;CODESP-RUA;GRANEIS SOLIDOS - IMPORTACAO
OMICRON ATLAS;LIBERIANA;225;5;Long;05/12/2023 06:30:00;5126-8;ROCHAMAR AGENCIA MARITIMA S/A;DESC   ;0;GRAN.SOLIDO NAO ESPECIF;0;50000;0;5078-72023;502522023;B;TERMAG;GRANEIS SOLIDOS - IMPORTACAO
PILION;BARBADOS;190;8;Long;17/12/2023 09:48:00;5311-2;TRANSATLANTICA AFRETAMENTOS E SERVICOS MARITIMOS LTDA;DESC   ;0;FERTILIZANTES;0;44639;0;5565-52023;535792023;B;TERMAG;GRANEIS SOLIDOS - IMPORTACAO
HOPE;LIBERIANA;180;6;Long;19/12/2023 20:30:00;5347-3;ALPHAMAR AGÊNCIA MARÍTIMA  LTDA.;DESC   ;0;FERTILIZANTES;0;31665;0;5557-22023;536972023;B;CODESP-RUA;GRANEIS SOLIDOS - IMPORTACAO
PRESTIGE DIVA;PANAMENHA;229;6.5;Long;21/12/2023 09:00:00;5378-3;FERTIMPORT S/A.;DESC   ;0;FERTILIZANTES;0;36300;0;5543-12023;554072023;B;ULTRAFERTIL;GRANEIS SOLIDOS - IMPORTACAO
PACIFIC INTEGRITY;PANAMENHA;190;9;Long;22/12/2023 06:30:00;5388--;AGÊNCIA MARÍTIMA ORION;DESC   ;0;FERTILIZANTES;0;43998;0;5606-32023;540912023;B;TERMAG;GRANEIS SOLIDOS - IMPORTACAO
TAILWINDS;LIBERIANA;225;7.1;Long;24/12/2023 09:48:00;5420-8;WORLD SHIPPING AGENCIAMENTOS LTDA;DESC   ;0;FERTILIZANTES;0;59412;0;5641-32023;562522023;B;23;GRANEIS SOLIDOS - IMPORTACAO
FEDERAL DEE;ILHAS MARSHALL;200;7;Long;26/12/2023 07:00:00;5455--;AGÊNCIA MARÍTIMA ORION;DESC   ;0;FERTILIZANTES;0;20445;0;5658-32023;563972023;B;ULTRAFERTIL;GRANEIS SOLIDOS - IMPORTACAO
MALLIKA NAREE;TAILANDESA;179;6.1;Long;26/12/2023 14:04:00;5462-3;AMART SERVICES CONSULT AG MARITIMO E TRANSP LTDA;DESC   ;0;FERTILIZANTES;0;27509;0;5647-12023;565952023;B;CAIS SABOO;GRANEIS SOLIDOS - IMPORTACAO
TIZIANA;MALTESA;177;6;Long;27/12/2023 17:18:00;5480-1;FERTIMPORT S/A.;DESC   ;0;FERTILIZANTES;0;13000;0;5661-42023;560192023;B;CAIS SABOO;GRANEIS SOLIDOS - IMPORTACAO
FEDERAL INTEGRITY;ILHAS MARSHALL;200;7;Long;27/12/2023 20:10:00;5467-4;AGÊNCIA MARÍTIMA ORION;DESC   ;0;FERTILIZANTES;0;26000;0;5650-22023;559522023;B;ULTRAFERTIL;GRANEIS SOLIDOS - IMPORTACAO
POSEIDON.GR;ILHAS MARSHALL;200;5.5;Long;28/12/2023 08:12:00;5488-7;FERTIMPORT S/A.;DESC   ;0;FERTILIZANTES;0;37574;0;5734-12023;569662023;B;CODESP.-35/37;GRANEIS SOLIDOS - IMPORTACAO
SAGA HORIZON;HONG KONG;199;6.5;Long;30/12/2023 08:00:00;;ALPHAMAR AGÊNCIA MARÍTIMA  LTDA.;DESC   ;0;ENXOFRE A GRANEL;0;35210;0;5677-82023;559932023;B;ULTRAFERTIL;GRANEIS SOLIDOS - IMPORTACAO
ANTIGONI B;ILHAS MARSHALL;189;7;Long;30/12/2023 10:00:00;;WILSON SONS S/A - COMERCIO, INDUSTRIA E AGENCIA DE NAVEGACAO;DESC   ;0;FERTILIZANTES;0;40200;0;5690-42023;561602023;B;ULTRAFERTIL;GRANEIS SOLIDOS - IMPORTACAO
FEDERAL YUKON;ILHAS MARSHALL;200;6;Long;31/12/2023 10:00:00;;WILSON SONS S/A - COMERCIO, INDUSTRIA E AGENCIA DE NAVEGACAO;DESC   ;0;FERTILIZANTES;0;35000;0;5678-42023;567262023;B;CAIS SABOO;GRANEIS SOLIDOS - IMPORTACAO
HANDY HEIDI;ILHAS MARSHALL;180;6;Long;31/12/2023 10:00:00;;WILSON SONS S/A - COMERCIO, INDUSTRIA E AGENCIA DE NAVEGACAO;DESC   ;0;GRAN.SOLIDO NAO ESPECIF;0;25055;0;5655-42023;566532023;B;CAIS SABOO;GRANEIS SOLIDOS - IMPORTACAO
ANDERMATT;LIBERIANA;225;12.8;Long;01/01/2024 07:00:00;;WORLD SHIPPING AGENCIAMENTOS LTDA;DESC   ;0;FERTILIZANTES;0;10500;0;5796-72023;577332023;B;23;GRANEIS SOLIDOS - IMPORTACAO
CL GANJIANG;HONG KONG;200;5;Long;01/01/2024 10:00:00;;ROCHAMAR AGENCIA MARITIMA S/A;DESC   ;0;ENXOFRE A GRANEL;0;42900;0;5740-12023;571022023;B;ULTRAFERTIL;GRANEIS SOLIDOS - IMPORTACAO
AFFINITY DIVA;LIBERIANA;229;7;Long;02/01/2024 05:00:00;;AGÊNCIA MARÍTIMA ORION;DESC   ;0;FERTILIZANTES;0;83350;0;5605-72023;542592023;B;TERMAG;GRANEIS SOLIDOS - IMPORTACAO
RAYS;PANAMENHA;177;5.9;Cabo;02/01/2024 07:00:00;;HMS BRASIL AGECIAMENTOS MARÍTIMOS LTDA;DESC   ;0;SAL A GRANEL;0;31800;0;5821-12023;580392023;B;CODESP-RUA;GRANEIS SOLIDOS - IMPORTACAO
AEOLOS;ILHAS MARSHALL;172;7;Long;04/01/2024 05:00:00;;AGÊNCIA MARÍTIMA ORION;DESC   ;0;FERTILIZANTES;0;30139;0;5715-72023;555892023;B;CODESP-RUA;GRANEIS SOLIDOS - IMPORTACAO
PORT NAGASAKI;ILHAS MARSHALL;200;9;Long;04/01/2024 13:00:00;;AGÊNCIA MARÍTIMA ORION;DESC   ;0;FERTILIZANTES;0;11963;0;5753-62023;572972023;B;CODESP-RUA;GRANEIS SOLIDOS - IMPORTACAO
STAR TOSCANA;ILHAS MARSHALL;200;9;Long;05/01/2024 10:00:00;;ROCHAMAR AGENCIA MARITIMA S/A;DESC   ;0;FERTILIZANTES;0;3550;0;5657-72023;567642023;B;ULTRAFERTIL;GRANEIS SOLIDOS - IMPORTACAO
FORTUNE BELL;HONG KONG;200;8;Long;06/01/2024 10:00:00;;ROCHAMAR AGENCIA MARITIMA S/A;DESC   ;0;GRAN.SOLIDO NAO ESPECIF;0;55000;0;5782-62023;571832023;B;23;GRANEIS SOLIDOS - IMPORTACAO
MANTA NILGUN;ILHAS MARSHALL;180;8;Long;10/01/2024 13:00:00;;AGÊNCIA MARÍTIMA ORION;DESC   ;0;FERTILIZANTES;0;21250;0;5804-02023;573832023;B;23;GRANEIS SOLIDOS - IMPORTACAO
TAI SUCCESS;PANAMENHA;200;8;Long;22/01/2024 11:00:00;;AGÊNCIA MARÍTIMA ORION;DESC   ;0;FERTILIZANTES;0;33944;0;5799-62023;578082023;B;ULTRAFERTIL;GRANEIS SOLIDOS - IMPORTACAO
BELLEMAR;CIPRIOTA;225;13.3;Long;11/11/2023 10:08:00;4765-1;ROCHAMAR AGENCIA MARITIMA S/A;EMB ;0;ACUCAR A GRANEL;0;76909;0;4894-52023;484862023;B;16/17-19;GRANEIS SOLIDOS - EXPORTACAO
LAZORD A;PANAMENHA;229;7;Long;17/11/2023 17:00:00;4860-7;AGÊNCIA MARÍTIMA ORION;EMB ;0;ACUCAR A GRANEL;0;72000;0;5071-22023;500942023;B;20/21;GRANEIS SOLIDOS - EXPORTACAO
GLOBAL FORTUNE;ILHAS MARSHALL;180;9.8;Long;21/11/2023 00:25:00;5072-5;ROCHAMAR AGENCIA MARITIMA S/A;EMB ;0;ACUCAR A GRANEL;0;33000;0;5224-32023;518202023;B;16/17-19;GRANEIS SOLIDOS - EXPORTACAO
BAHRI GHADAH;SAUDITA;200;11;Long;26/11/2023 06:26:00;4982-4;WILLIAMS SERVICOS MARITIMOS LTDA.;EMB ;0;ACUCAR A GRANEL;0;59500;0;5223-72023;514442023;B;16/17;GRANEIS SOLIDOS - EXPORTACAO
ROSCO PLUM;HONG KONG;225;9;Long;26/11/2023 18:00:00;4990-5;ROCHAMAR AGENCIA MARITIMA S/A;EMB ;0;ACUCAR A GRANEL;0;73600;0;5132-12023;507512023;B;ULTRAF - 16/17;GRANEIS SOLIDOS - EXPORTACAO
ANAIS;LIBERIANA;225;9;Long;28/11/2023 17:30:00;5027-0;ROCHAMAR AGENCIA MARITIMA S/A;EMB ;0;ACUCAR A GRANEL;0;75000;0;5267-42023;522462023;B;16/17-19;GRANEIS SOLIDOS - EXPORTACAO
IDC DIAMOND;TURCA;190;7;Long;01/12/2023 07:30:00;5069-5;AGÊNCIA MARÍTIMA ORION;EMB ;0;ACUCAR A GRANEL;0;48000;0;5268--2023;522052023;B;16/17;GRANEIS SOLIDOS - EXPORTACAO
DESERT SPRING;ILHAS MARSHALL;193;12;Long;04/12/2023 05:12:00;5109-8;BPA AGENCIAMENTOS MARITIMOS LTDA.;EMB ;0;ACUCAR A GRANEL;0;53250;0;5396-92023;531022023;B;ULTRAF - 16/17;GRANEIS SOLIDOS - EXPORTACAO
BLUE OPAL;LIBERIANA;229;7;Long;15/12/2023 00:30:00;5273-6;AGÊNCIA MARÍTIMA ORION;EMB ;0;ACUCAR A GRANEL;0;80000;0;5510-62023;546312023;B;16/17;GRANEIS SOLIDOS - EXPORTACAO
MEGHNA PROSPER;BANGLADESHI;190;7;Long;15/12/2023 03:00:00;5275-2;AGÊNCIA MARÍTIMA ORION;EMB ;0;ACUCAR A GRANEL;0;50100;0;5572-12023;557602023;B;19;GRANEIS SOLIDOS - EXPORTACAO
VALOVINE;ILHAS MARSHALL;190;11;Long;18/12/2023 08:00:00;5328-7;WILLIAMS SERVICOS MARITIMOS LTDA.;EMB ;0;ACUCAR A GRANEL;0;44697;0;5564-92023;556502023;B;ULTRA.-30-31;GRANEIS SOLIDOS - EXPORTACAO
BONAS;NORUEGUESA;189;11;Long;21/12/2023 20:48:00;5385-6;WILLIAMS SERVICOS MARITIMOS LTDA.;EMB ;0;ACUCAR A GRANEL;0;46054;0;5651-92023;566462023;B;20/21;GRANEIS SOLIDOS - EXPORTACAO
AMIS CHAMPION;PANAMENHA;200;9;Long;22/12/2023 07:00:00;5389-9;ROCHAMAR AGENCIA MARITIMA S/A;EMB ;0;ACUCAR A GRANEL;0;55000;0;5672-62023;567712023;B;16/17-19;GRANEIS SOLIDOS - EXPORTACAO
GOLDEN STAR;ILHAS MARSHALL;227;7;Long;22/12/2023 13:48:00;5397-0;ROCHAMAR AGENCIA MARITIMA S/A;EMB ;0;ACUCAR A GRANEL;0;83000;0;5608-62023;554142023;B;16/17-19;GRANEIS SOLIDOS - EXPORTACAO
MARIELENA;LIBERIANA;225;14;Long;22/12/2023 19:30:00;5400-3;ROCHAMAR AGENCIA MARITIMA S/A;EMB ;0;ACUCAR A GRANEL;0;25000;0;5511-22023;548022023;B;16/17-19;GRANEIS SOLIDOS - EXPORTACAO
GALAXY GLOBE;ILHAS MARSHALL;229;11.5;Long;23/12/2023 09:06:00;5407--;ROCHAMAR AGENCIA MARITIMA S/A;EMB ;0;ACUCAR A GRANEL;0;76000;0;5671-02023;564622023;B;16/17;GRANEIS SOLIDOS - EXPORTACAO
FENG MAO HAI;HONG KONG;200;13;Long;24/12/2023 09:30:00;5419-4;WORLD SHIPPING AGENCIAMENTOS LTDA;EMB ;0;ACUCAR A GRANEL;0;61000;0;5719-22023;565292023;B;16/17;GRANEIS SOLIDOS - EXPORTACAO
BENTLEY;SINGAPURENSE;229;14;Long;25/12/2023 09:00:00;5437-2;ROCHAMAR AGENCIA MARITIMA S/A;EMB ;0;ACUCAR A GRANEL;0;23700;0;5730-62023;548052023;B;16/17-19;GRANEIS SOLIDOS - EXPORTACAO
JIN HENG;HONG KONG;200;9;Long;25/12/2023 17:54:00;5444-5;ROCHAMAR AGENCIA MARITIMA S/A;EMB ;0;ACUCAR A GRANEL;0;50000;0;5713-42023;567502023;B;ULTRAFERTIL;GRANEIS SOLIDOS - EXPORTACAO
HALIL SAHIN;TURCA;187;11;Long;26/12/2023 07:45:00;5457-7;WILLIAMS SERVICOS MARITIMOS LTDA.;EMB ;0;ACUCAR A GRANEL;0;34000;0;5642-02023;565192023;B;20/21;GRANEIS SOLIDOS - EXPORTACAO
KT BIRDIE;SINGAPURENSE;225;14;Long;26/12/2023 11:00:00;5461-5;ROCHAMAR AGENCIA MARITIMA S/A;EMB ;0;GRAN.SOLIDO NAO ESPECIF;0;23000;0;5693-32023;566852023;B;39;GRANEIS SOLIDOS - EXPORTACAO
ATHOS (BAND. GREYLIST TOK;BARBADOS;190;11;Long;26/12/2023 14:43:00;5464-0;WILLIAMS SERVICOS MARITIMOS LTDA.;EMB ;0;ACUCAR A GRANEL;0;48150;0;5733-52023;572772023;B;ULTRAFERTIL;GRANEIS SOLIDOS - EXPORTACAO
MEDI MATSUURA;PANAMENHA;229;13.9;Long;26/12/2023 20:18:00;5468-2;WORLD SHIPPING AGENCIAMENTOS LTDA;EMB ;0;ACUCAR A GRANEL;0;75000;0;5729-82023;570872023;B;16/17;GRANEIS SOLIDOS - EXPORTACAO
IMPRESSION BAY;HONG KONG;179;10.5;Long;27/12/2023 17:48:00;5481-0;LBH BRASIL AG MARITIMO LTDA;EMB ;0;GRAN.SOLIDO NAO ESPECIF;0;26200;0;5728-12023;566792023;B;ULTRAFERTIL;GRANEIS SOLIDOS - EXPORTACAO
DE MING HAI;CHINESA;225;7;Long;28/12/2023;;ROCHAMAR AGENCIA MARITIMA S/A;EMB ;0;ACUCAR A GRANEL;0;23000;0;5562-62023;548292023;B;16/17-19;GRANEIS SOLIDOS - EXPORTACAO
MERRY MARIE;ILHAS MARSHALL;177;9;Long;28/12/2023;;ROCHAMAR AGENCIA MARITIMA S/A;EMB ;0;ACUCAR A GRANEL;0;31000;0;5534-22023;553142023;B;16/17-19;GRANEIS SOLIDOS - EXPORTACAO
OCEAN BANQUET;HONG KONG;200;13;Long;28/12/2023;;ROCHAMAR AGENCIA MARITIMA S/A;EMB ;0;ACUCAR A GRANEL;0;49000;0;5607-02023;558382023;B;16/17-19;GRANEIS SOLIDOS - EXPORTACAO
ROSCO PLUM;HONG KONG;225;9;Long;28/12/2023;;ROCHAMAR AGENCIA MARITIMA SA;EMB ;0;ACUCAR A GRANEL;0;73600;0;5133-82023;506812023;B;16/17-19;GRANEIS SOLIDOS - EXPORTACAO
BULK BAHAMAS;LIBERIANA;190;12;Long;28/12/2023 11:54:00;5490-9;AGÊNCIA MARÍTIMA ORION;EMB ;0;ACUCAR A GRANEL;0;48750;0;5673-22023;567332023;B;16/17;GRANEIS SOLIDOS - EXPORTACAO
ALPHA HERO;ILHAS MARSHALL;229;14;Long;29/12/2023 10:00:00;;ROCHAMAR AGENCIA MARITIMA S/A;EMB ;0;GRAN.SOLIDO NAO ESPECIF;0;70000;0;5726-92023;571732023;B;39;GRANEIS SOLIDOS - EXPORTACAO
TRISTAR DUGON;PANAMENHA;229;12.5;Long;30/12/2023 07:00:00;;WORLD SHIPPING AGENCIAMENTOS LTDA;EMB ;0;ACUCAR A GRANEL;0;66000;0;5828-62023;576502023;B;16/17;GRANEIS SOLIDOS - EXPORTACAO
PANTAZIS L;LIBERIANA;225;14;Long;30/12/2023 10:00:00;;ROCHAMAR AGENCIA MARITIMA S/A;EMB ;0;ACUCAR A GRANEL;0;25000;0;5512-92023;548082023;B;16/17-19;GRANEIS SOLIDOS - EXPORTACAO
EFFY N;HONG KONG;190;11;Long;02/01/2024 07:00:00;;WILLIAMS SERVICOS MARITIMOS LTDA.;EMB ;0;ACUCAR A GRANEL;0;32000;0;5759-42023;576662023;B;20/21;GRANEIS SOLIDOS - EXPORTACAO
FEDERAL KUDOS;PANAMENHA;200;13.3;Long;02/01/2024 08:00:00;;AGENCIA MARITIMA NAABSA LTDA;EMB ;0;ACUCAR A GRANEL;0;60000;0;5774-32023;577812023;B;20/21;GRANEIS SOLIDOS - EXPORTACAO
IDA;BARBADOS;200;11;Long;05/01/2024 07:00:00;;WILLIAMS SERVICOS MARITIMOS LTDA.;EMB ;0;ACUCAR A GRANEL;0;59940;0;5803-32023;576572023;B;ULTRAFERTIL;GRANEIS SOLIDOS - EXPORTACAO
SEABONI;MALTESA;200;11;Long;07/01/2024 07:00:00;;WILLIAMS SERVICOS MARITIMOS LTDA.;EMB ;0;ACUCAR A GRANEL;0;49640;0;5760-22023;576762023;B;20/21;GRANEIS SOLIDOS - EXPORTACAO
HELSINKI EAGLE;ILHAS MARSHALL;200;11;Long;10/01/2024 13:00:00;;AGÊNCIA MARÍTIMA ORION;EMB ;0;ACUCAR A GRANEL;0;49000;0;5829-22023;577802023;B;16/17;GRANEIS SOLIDOS - EXPORTACAO
TOSCANA;MALTESA;200;8.5;Long;30/12/2023 05:00:00;;WILHELMSEN PORT SERVICES BRASIL LTDA;EMB;DESC;VEICULOS/VRS/CCS.RO-RO;VEICULOS/VRS/CCS.RO-RO;7185;52;5789--2023;576772023;B;TEVI;ROLL-IN-ROLL-OFF
SIRIUS LEADER;SINGAPURENSE;180;9;Long;31/12/2023 23:00:00;;LACHMANN AGENCIA MARITIMA LTDA;EMB;DESC;VEICULOS/VRS/CCS.RO-RO;VEICULOS/VRS/CCS.RO-RO;2500;2500;5691--2023;554052023;B;TEVI;ROLL-IN-ROLL-OFF
MARGUERITE ACE;PANAMENHA;200;7;Long;04/01/2024 10:00:00;;ROCHAMAR AGENCIA MARITIMA S/A;EMB;DESC;VEICULOS/VRS/CCS.RO-RO;VEICULOS/VRS/CCS.RO-RO;680;18;5805-62023;579602023;B;TEVI;ROLL-IN-ROLL-OFF
PORGY;PANAMENHA;200;7;Long;07/01/2024 05:00:00;;WILHELMSEN PORT SERVICES BRASIL LTDA;DESC   ;0;VEICULOS/VRS/CCS.RO-RO;0;347;0;5786-12023;577312023;B;TEVI;ROLL-IN-ROLL-OFF
UP RUBI;BRASILEIRA;85;5;Long;24/12/2023 08:00:00;5417-8;UNIMAR AGENCIAMENTOS MARITIMOS LTDA;EMB ;0;CARGA GERAL;0;100;0;5724-62023;572322023;B;SAIPEN;LASH
CBO VALENTINA;BRASILEIRA;74;5;Long;26/12/2023 14:30:00;5463-1;UNIMAR AGENCIAMENTOS MARITIMOS LTDA;EMB ;0;CARGA GERAL;0;100;0;5725-22023;572312023;B;SAIPEN;LASH
ASTRO CMT MATOS;BRASILEIRA;72;5;Long;28/12/2023;;UNIMAR AGENCIAMENTOS MARITIMOS LTDA;EMB ;0;CARGA GERAL;0;100;0;5088-22023;501632023;B;SAIPEN;LASH
ASTRO CMT MATOS;BRASILEIRA;72;5;Long;28/12/2023;;UNIMAR AGENCIAMENTOS MARITIMOS LTDA;EMB ;0;CARGA GERAL;0;1;0;5542-52023;554122023;B;SAIPEN;LASH
ASTRO CMT MATOS;BRASILEIRA;72;5;Long;28/12/2023;;UNIMAR AGENCIAMENTOS MARITIMOS LTDA;EMB ;0;CARGA GERAL;0;1;0;4496-02023;448042023;B;SAIPEN;LASH
ASTRO CMT MATOS;BRASILEIRA;72;5;Long;28/12/2023;;UNIMAR AGENCIAMENTOS MARITIMOS LTDA;EMB ;0;CARGA GERAL;0;1;0;5481-62023;544602023;B;SAIPEN;LASH
C OURO (EX-SUPERPESA XI);BRASILEIRA;72;5;Long;28/12/2023;;UNIMAR AGENCIAMENTOS MARITIMOS LTDA;EMB ;0;CARGA GERAL;0;1;0;4687-02023;464242023;B;SAIPEN;LASH
LARUS;BRASILEIRA;85;5;Long;28/12/2023;;UNIMAR AGENCIAMENTOS MARITIMOS LTDA;EMB ;0;CARGA GERAL;0;1;0;4450-02023;444462023;B;SAIPEN;LASH
WESTFORD;BELIZE;118;6;Cabo;28/12/2023;;PROAMAR SERVICOS MARITIMOS LTDA;EMB ;0;CARGA GERAL;0;1;0;4597--2023;446592023;B;TECON;LASH
CBO VALENTINA;BRASILEIRA;74;5;Long;28/12/2023 07:00:00;;UNIMAR AGENCIAMENTOS MARITIMOS LTDA;EMB ;0;CARGA GERAL;0;100;0;5763-12023;577142023;B;SAIPEN;LASH
UP RUBI;BRASILEIRA;85;5;Long;28/12/2023 07:00:00;;UNIMAR AGENCIAMENTOS MARITIMOS LTDA;EMB ;0;CARGA GERAL;0;100;0;5762-52023;576872023;B;SAIPEN;LASH
SALIGNA;ILHAS MARSHALL;202;12;Long;28/12/2023;;WILSON SONS S/A - COMERCIO, INDUSTRIA E AGENCIA DE NAVEGACAO;EMB ;0;PAPEL E CELULOSE;0;59000;0;5620-62023;560412023;B;EPORT 1/TECON 1;CABOTAGEM
STAR MAIA;ILHA DE MAN;195;10;Long;28/12/2023;;WILSON SONS S/A - COMERCIO, INDUSTRIA E AGENCIA DE NAVEGACAO;EMB ;0;PAPEL E CELULOSE;0;4000;0;5754-22023;574782023;B;EPORT 1/TECON 1;CABOTAGEM
UAL FORTITUDE;PORTUGUESA;139;7;Long;30/12/2023 05:00:00;;AGÊNCIA MARÍTIMA ORION;EMB ;0;OUTROS;0;38;0;5712-82023;570662023;B;CAIS SABOO;CABOTAGEM
COSCO SHIPPING FAN RONG;CHINESA;202;9;Long;31/12/2023 07:00:00;;UNIMAR AGENCIAMENTOS MARITIMOS LTDA; ;0;CONTEINERES CHEIOS;0;;0;5689-62023;567802023;B;TECONDI;CABOTAGEM
TOKI ARROW;PANAMENHA;200;7;Long;31/12/2023 10:00:00;;WILSON SONS S/A - COMERCIO, INDUSTRIA E AGENCIA DE NAVEGACAO;EMB ;0;PAPEL E CELULOSE;0;22000;0;5653-12023;567762023;B;EPORT 1/TECON 1;CABOTAGEM
SAGA ANDORINHA;HONG KONG;199;9.1;Cabo;04/01/2024 13:03:00;;LACHMANN AGENCIA MARITIMA LTDA;EMB ;0;PAPEL E CELULOSE;0;18010;0;5820-52023;579712023;B;CODESP-RUA;CABOTAGEM
POSIDANA;NORUEGUESA;213;9.1;Cabo;06/01/2024 23:59:00;;LACHMANN AGENCIA MARITIMA LTDA;EMB ;0;PAPEL E CELULOSE;0;19400;0;5822-82023;580602023;B;CODESP-RUA;CABOTAGEM
MAERSK MONTE AZUL;SINGAPURENSE;272;9;Long;25/12/2023 13:00:00;5440-2;LACHMANN AGENCIA MARITIMA LTDA;EMB;DESC;CONTEINERES CHEIOS;CONTEINERES CHEIOS;1900;1900;5541-92023;553782023;B;TECON;CONTEINERES
BBC OLYMPUS;ANTIGUANA;126;6.4;Long;28/12/2023;;OCEAN WORLD SHIPPING - AG MAR E OPER PORT. LTDA-EPP;EMB ;0;CONTEINERES CHEIOS;0;900;0;5756-52023;575912023;B;CODESP-TECONDI;CONTEINERES
CMA CGM VERACRUZ;BRASILEIRA;229;9;Long;28/12/2023;;LACHMANN AGENCIA MARITIMA LTDA;EMB;DESC;CONTEINERES CHEIOS;CONTEINERES CHEIOS;1900;1900;5751-32023;551382023;B;TECON;CONTEINERES
COSCO SHIPPING HARMONY;HONG KONG;202;9;Long;28/12/2023;;UNIMAR AGENCIAMENTOS MARITIMOS LTDA;DESC   ;0;CONTEINERES VAZIOS;0;1350;0;5522-42023;549682023;B;TECON;CONTEINERES
CZECH;MALTESA;300;7;Long;28/12/2023;;ROCHAMAR AGENCIA MARITIMA S/A;EMB;DESC;CONTEINERES CHEIOS;CONTEINERES CHEIOS;1080;26226;4198-92023;423922023;B;B.T.P. 1;CONTEINERES
GRANDE TOGO;ITALIANA;211;9;Long;28/12/2023;;LACHMANN AGENCIA MARITIMA LTDA;EMB;DESC;CONTEINERES CHEIOS;CONTEINERES CHEIOS;3600;1800;5787-82023;516282023;B;TEVI;CONTEINERES
GREEN HELSINKI;PANAMENHA;226;8;Long;28/12/2023;;UNIMAR AGENCIAMENTOS MARITIMOS LTDA;DESC   ;0;CONTEINERES CHEIOS;0;2124;0;4772-72023;468662023;B;TECONDI;CONTEINERES
GSL MELINA;LIBERIANA;228;7;Long;28/12/2023;;ROCHAMAR AGENCIA MARITIMA S/A;EMB;DESC;CONTEINERES CHEIOS;CONTEINERES CHEIOS;4536;360;5301-82023;523962023;B;TECON;CONTEINERES
HYUNDAI GOODWILL;COREANA;294;13;Long;28/12/2023;;UNIMAR AGENCIAMENTOS MARITIMOS LTDA;EMB;DESC;CONTEINERES CHEIOS;CONTEINERES VAZIOS;12600;900;4161-82023;419092023;B;EPORT 1/TECON 1;CONTEINERES
HYUNDAI PREMIUM;LIBERIANA;255;12;Long;28/12/2023;;UNIMAR AGENCIAMENTOS MARITIMOS LTDA;EMB;DESC;CONTEINERES CHEIOS;CONTEINERES VAZIOS;12600;900;4871-52023;484602023;B;EPORT 1/TECON 1;CONTEINERES
HYUNDAI SUPREME;ILHAS MARSHALL;294;13;Long;28/12/2023;;UNIMAR AGENCIAMENTOS MARITIMOS LTDA;EMB;DESC;CONTEINERES CHEIOS;CONTEINERES VAZIOS;12600;900;4287-12023;428912023;B;EPORT 1/TECON 1;CONTEINERES
LYON II;LIBERIANA;300;13.5;Long;28/12/2023;;MSC MEDITERRANEAN SHIPPING DO BRASIL LTDA.;EMB;DESC;CONTEINERES CHEIOS;CONTEINERES CHEIOS;12600;1800;5624-12023;555522023;B;B.T.P. 1;CONTEINERES
MAIPO;LIBERIANA;306;7;Long;28/12/2023;;ROCHAMAR AGENCIA MARITIMA S/A;EMB;DESC;CONTEINERES CHEIOS;CONTEINERES CHEIOS;18666;126;5299-32023;524512023;B;EPORT 1/TECON 1;CONTEINERES
MSC ANSHIKA VI;PORTUGUESA;275;13.5;Long;28/12/2023;;MSC MEDITERRANEAN SHIPPING DO BRASIL LTDA.;EMB;DESC;CONTEINERES CHEIOS;CONTEINERES CHEIOS;12600;1800;3457--2023;350532023;B;B.T.P. 1;CONTEINERES
MSC BARCELONA;MALTESA;270;10.4;Long;28/12/2023;;MSC MEDITERRANEAN SHIPPING DO BRASIL LTDA.;EMB;DESC;CONTEINERES CHEIOS;CONTEINERES CHEIOS;1800;14400;3682-42023;372292023;B;B.T.P. 1;CONTEINERES
MSC DUBAI VII;PORTUGUESA;295;10.4;Long;28/12/2023;;MSC MEDITERRANEAN SHIPPING DO BRASIL LTDA.;EMB;DESC;CONTEINERES CHEIOS;CONTEINERES CHEIOS;1800;14400;5472-72023;544702023;B;B.T.P. 1;CONTEINERES
NAVEGANTES EXPRESS;SINGAPURENSE;330;7;Long;28/12/2023;5310-4;ROCHAMAR AGENCIA MARITIMA S/A;EMB;DESC;CONTEINERES CHEIOS;CONTEINERES CHEIOS;360;35802;4196-62023;423882023;B;B.T.P. 1;CONTEINERES
HANS SCHULTE;HONG KONG;275;9;Long;28/12/2023 02:00:00;;LACHMANN AGENCIA MARITIMA LTDA;EMB;DESC;CONTEINERES CHEIOS;CONTEINERES CHEIOS;1800;1800;5652-52023;518972023;B;EPORT 1/TECON 1;CONTEINERES
VICENTE PINZÓN;BRASILEIRA;255;9;Cabo;28/12/2023 02:00:00;;LACHMANN AGENCIA MARITIMA LTDA;EMB;DESC;CONTEINERES CHEIOS;CONTEINERES CHEIOS;1800;1800;5496-32023;524992023;B;TECON;CONTEINERES
NILEDUTCH BREDA;CIPRIOTA;224;7;Long;28/12/2023 05:00:00;;ROCHAMAR AGENCIA MARITIMA S/A;EMB;DESC;CONTEINERES CHEIOS;CONTEINERES CHEIOS;4536;360;5395-22023;533822023;B;EPORT 1/TECON 1;CONTEINERES
EXPRESS BLACK SEA;MALTESA;226;11.2;Long;28/12/2023 09:00:00;;COSCO BRASIL S/A;EMB;DESC;CONTEINERES CHEIOS;CONTEINERES CHEIOS;7200;10800;5645-92023;563302023;B;TECON;CONTEINERES
MSC CLEA;PORTUGUESA;300;14.2;Long;28/12/2023 09:00:00;;MSC MEDITERRANEAN SHIPPING DO BRASIL LTDA.;EMB;DESC;CONTEINERES CHEIOS;CONTEINERES CHEIOS;18000;1800;5663-72023;566962023;B;B.T.P. 1;CONTEINERES
CARTAGENA EXPRESS;ALEMA;333;7;Long;28/12/2023 10:00:00;;ROCHAMAR AGENCIA MARITIMA S/A;EMB;DESC;CONTEINERES CHEIOS;CONTEINERES CHEIOS;17370;360;5389-22023;531782023;B;B.T.P. 1;CONTEINERES
SWANSEA;LIBERIANA;278;9;Long;28/12/2023 18:00:00;5495-0;LACHMANN AGENCIA MARITIMA LTDA;EMB;DESC;CONTEINERES CHEIOS;CONTEINERES CHEIOS;1800;1800;5453-22023;506002023;B;EPORT 1/TECON 1;CONTEINERES
CMA CGM RIO GRANDE;MALTESA;300;9;Long;29/12/2023 01:01:00;;LACHMANN AGENCIA MARITIMA LTDA;EMB;DESC;CONTEINERES CHEIOS;CONTEINERES CHEIOS;1800;1800;5791-52023;518402023;B;TECON;CONTEINERES
MAERSK BERMUDA;SINGAPURENSE;195;9;Long;29/12/2023 08:00:00;;LACHMANN AGENCIA MARITIMA LTDA;EMB;DESC;CONTEINERES CHEIOS;CONTEINERES CHEIOS;1800;1800;5475-62023;539632023;B;TECON;CONTEINERES
MAERSK LEON (AO);DINAMARQUESA;300;9;Long;29/12/2023 08:00:00;;LACHMANN AGENCIA MARITIMA LTDA;EMB;DESC;CONTEINERES CHEIOS;CONTEINERES CHEIOS;1800;1800;5486-82023;539502023;B;B.T.P. 1;CONTEINERES
CAPE ARTEMISIO;MALTESA;330;7;Long;29/12/2023 10:00:00;;ROCHAMAR AGENCIA MARITIMA S/A;EMB;DESC;CONTEINERES CHEIOS;CONTEINERES CHEIOS;21852;180;5410-12023;531802023;B;B.T.P. 1;CONTEINERES
INDUSTRIAL CONSTANT;PORTUGUESA;100;5;Long;29/12/2023 10:00:00;;ROCHAMAR AGENCIA MARITIMA S/A;EMB ;0;CONTEINERES CHEIOS;0;198;0;5748-22023;573842023;B;CAIS SABOO;CONTEINERES
FERNÃO DE MAGALHÃES;BRASILEIRA;228;9;Cabo;29/12/2023 14:00:00;;LACHMANN AGENCIA MARITIMA LTDA;EMB;DESC;CONTEINERES CHEIOS;CONTEINERES CHEIOS;3600;3600;5707-42023;547062023;B;B.T.P.  / TECON;CONTEINERES
XIN CHONG QING;CHINESA;263;11;Long;30/12/2023;;COSCO BRASIL S/A;EMB;DESC;CONTEINERES CHEIOS;CONTEINERES CHEIOS;10800;1800;5362-72023;530772023;B;EPORT 1/TECON 1;CONTEINERES
CAP SAN MALEAS (AO);PANAMENHA;333;9;Long;30/12/2023 01:00:00;;LACHMANN AGENCIA MARITIMA LTDA;EMB;DESC;CONTEINERES CHEIOS;CONTEINERES CHEIOS;1800;1800;5476-22023;539982023;B;TECON;CONTEINERES
GSL ARCADIA;LIBERIANA;277;9;Long;30/12/2023 01:00:00;;LACHMANN AGENCIA MARITIMA LTDA;EMB;DESC;CONTEINERES CHEIOS;CONTEINERES CHEIOS;1800;1800;5488--2023;539642023;B;B.T.P. 1;CONTEINERES
MONTE PASCOAL (AO);ALEMA;272;9;Long;30/12/2023 01:00:00;;LACHMANN AGENCIA MARITIMA LTDA;EMB;DESC;CONTEINERES CHEIOS;CONTEINERES CHEIOS;1800;1800;5489-72023;539712023;B;B.T.P. 1;CONTEINERES
KOTA SANTOS;LIBERIANA;334;11.5;Long;30/12/2023 07:00:00;;UNIMAR AGENCIAMENTOS MARITIMOS LTDA;EMB;DESC;CONTEINERES CHEIOS;CONTEINERES CHEIOS;5400;12600;5648-82023;566112023;B;TECON;CONTEINERES
MONTE TAMARO;SINGAPURENSE;273;9;Long;30/12/2023 08:00:00;;LACHMANN AGENCIA MARITIMA LTDA;EMB;DESC;CONTEINERES CHEIOS;CONTEINERES CHEIOS;1800;1800;5473-32023;539602023;B;TECON;CONTEINERES
TOKYO BAY;LIBERIANA;271;7;Long;30/12/2023 10:00:00;;ROCHAMAR AGENCIA MARITIMA S/A;EMB;DESC;CONTEINERES CHEIOS;CONTEINERES CHEIOS;18666;126;5384--2023;531812023;B;EPORT 1/TECON 1;CONTEINERES
MSC ADONIS;LIBERIANA;300;13.5;Long;30/12/2023 12:00:00;;MSC MEDITERRANEAN SHIPPING DO BRASIL LTDA.;EMB;DESC;CONTEINERES CHEIOS;CONTEINERES CHEIOS;7200;7200;5771-42023;577082023;B;B.T.P. 1;CONTEINERES
CMA CGM RHONE;MALTESA;300;9;Long;30/12/2023 14:00:00;;LACHMANN AGENCIA MARITIMA LTDA;EMB;DESC;CONTEINERES CHEIOS;CONTEINERES CHEIOS;1800;1800;5776-62023;562942023;B;B.T.P. 1;CONTEINERES
CSCL ASIA;HONG KONG;334;12.2;Long;31/12/2023;;COSCO BRASIL S/A;EMB;DESC;CONTEINERES CHEIOS;CONSUMO DE BORDO;10800;2000;5825-72023;580172023;B;EPORT 1/TECON 1;CONTEINERES
SEASPAN EMPIRE;HONG KONG;294;7;Long;31/12/2023 05:00:00;;ROCHAMAR AGENCIA MARITIMA S/A;EMB;DESC;CONTEINERES CHEIOS;CONTEINERES CHEIOS;1620;15300;5402-92023;533842023;B;EPORT 1/TECON 1;CONTEINERES
BARTOLOMEU DIAS;BRASILEIRA;255;9;Cabo;31/12/2023 07:00:00;;LACHMANN AGENCIA MARITIMA LTDA;EMB;DESC;CONTEINERES CHEIOS;CONTEINERES CHEIOS;9000;9000;5710-52023;557212023;B;TECON;CONTEINERES
NZ SHANGHAI;PANAMENHA;198;9;Long;31/12/2023 07:00:00;;UNIMAR AGENCIAMENTOS MARITIMOS LTDA;EMB;DESC;CONTEINERES CHEIOS;CONTEINERES CHEIOS;3006;6408;5697-92023;567952023;B;EPORT 1/TECON 1;CONTEINERES
CAPE KORTIA;MALTESA;330;11.3;Long;31/12/2023 08:00:00;;MSC MEDITERRANEAN SHIPPING DO BRASIL LTDA.;EMB;DESC;CONTEINERES CHEIOS;CONTEINERES CHEIOS;1800;27000;5766--2023;570782023;B;B.T.P. 1;CONTEINERES
YM TRUST;SINGAPURENSE;333;13.5;Long;31/12/2023 12:00:00;;UNIMAR AGENCIAMENTOS MARITIMOS LTDA;EMB;DESC;CONTEINERES CHEIOS;CONTEINERES VAZIOS;12600;750;5752-02023;573382023;B;EPORT 1/TECON 1;CONTEINERES
ATACAMA;LIBERIANA;300;9;Long;31/12/2023 14:00:00;;LACHMANN AGENCIA MARITIMA LTDA;EMB ;0;CONTEINERES CHEIOSCONTEINERES CHEIOS;0;1800;0;5711-12023;549882023;B;TECON;CONTEINERES
DUSSELDORF EXPRESS;BERMUDAS;294;7;Long;01/01/2024 05:00:00;;ROCHAMAR AGENCIA MARITIMA S/A;EMB;DESC;CONTEINERES CHEIOS;CONTEINERES CHEIOS;12834;4266;5532-02023;533872023;B;TECON;CONTEINERES
POTENTIA;SINGAPURENSE;139;6.2;Long;01/01/2024 06:00:00;;OCEAN WORLD SHIPPING - AG MAR E OPER PORT. LTDA-EPP;EMB ;0;CONTEINERES CHEIOS;0;288;0;5793-82023;578722023;B;CODESP-TECONDI;CONTEINERES
NAVIOS DOMINO;LIBERIANA;261;10;Long;01/01/2024 10:00:00;;OCEAN NETWORK EXPRESS (LATIN AMERICA) AGENCIA MARITIMA LTDA;EMB;DESC;CONTEINERES CHEIOS;CONTEINERES CHEIOS;1530;15300;5331-42023;525102023;B;EPORT 1/TECON 1;CONTEINERES
MSC BELMONTE III;BRASILEIRA;231;8.1;Cabo;02/01/2024;;MSC MEDITERRANEAN SHIPPING DO BR;EMB;DESC;CONTEINERES CHEIOS;CONTEINERES CHEIOS;7200;7200;5777-22023;577402023;B;EPORT 1/TECON 1;CONTEINERES
MSC AGADIR;HONG KONG;300;14.2;Long;02/01/2024 01:00:00;;MSC MEDITERRANEAN SHIPPING DO BRASIL LTDA.;EMB;DESC;CONTEINERES CHEIOS;CONTEINERES CHEIOS;18000;1800;5770-82023;571072023;B;B.T.P. 1;CONTEINERES
BREMERHAVEN EXPRESS;MALTESA;300;7;Long;02/01/2024 05:00:00;;ROCHAMAR AGENCIA MARITIMA S/A;EMB;DESC;CONTEINERES CHEIOS;CONTEINERES CHEIOS;17370;360;5621-22023;559592023;B;B.T.P. 1;CONTEINERES
ZIM NORFOLK;LIBERIANA;300;9.1;Long;02/01/2024 08:00:00;;ZIM DO BRASIL LTDA.;EMB;DESC;CONTEINERES CHEIOS;CONTEINERES CHEIOS;3600;14400;5350-92023;519492023;B;B.T.P. 1;CONTEINERES
LOG-IN JACARANDA;BRASILEIRA;218;8.1;Cabo;02/01/2024 09:00:00;;MSC MEDITERRANEAN SHIPPING DO BR;EMB;DESC;CONTEINERES CHEIOS;CONTEINERES CHEIOS;7200;7200;5778-92023;577422023;B;EPORT 1/TECON 1;CONTEINERES
HYUNDAI COLOMBO;COREANA;304;11;Long;02/01/2024 12:00:00;;UNIMAR AGENCIAMENTOS MARITIMOS LTDA;EMB;DESC;CONTEINERES CHEIOS;CONTEINERES VAZIOS;12600;900;5823-42023;581322023;B;EPORT 1/TECON 1;CONTEINERES
HYUNDAI PRESTIGE;LIBERIANA;255;12.8;Long;02/01/2024 12:00:00;;UNIMAR AGENCIAMENTOS MARITIMOS LTDA;EMB;DESC;CONTEINERES CHEIOS;CONTEINERES CHEIOS;12600;5400;5801--2023;572022023;B;EPORT 1/TECON 1;CONTEINERES
MERCOSUL ITAJAÍ;BRASILEIRA;195;9;Cabo;03/01/2024 06:00:00;;LACHMANN AGENCIA MARITIMA LTDA;EMB;DESC;CONTEINERES CHEIOS;CONTEINERES CHEIOS;1800;1800;5802-72023;552212023;B;EPORT 1/TECON 1;CONTEINERES
LOG-IN PANTANAL;BRASILEIRA;183;8.1;Cabo;03/01/2024 09:00:00;;MSC MEDITERRANEAN SHIPPING DO BR;EMB;DESC;CONTEINERES CHEIOS;CONTEINERES CHEIOS;14400;14400;5779-52023;577452023;B;EPORT 1/TECON 1;CONTEINERES
MEDITERRANEAN EXPRESS;SINGAPURENSE;250;7;Long;03/01/2024 10:00:00;;ROCHAMAR AGENCIA MARITIMA S/A;EMB;DESC;CONTEINERES CHEIOS;CONTEINERES CHEIOS;2106;18396;5576-72023;531862023;B;TECON;CONTEINERES
AMÉRICO VESPÚCIO;BRASILEIRA;228;9;Cabo;03/01/2024 15:00:00;;LACHMANN AGENCIA MARITIMA LTDA;EMB ;0;CONTEINERES CHEIOSCONTEINERES CHEIOS;0;1800;0;5709-72023;570152023;B;TECON;CONTEINERES
BANGKOK;COREANA;304;11.8;Long;04/01/2024;;COSCO BRASIL S/A;EMB;DESC;CONTEINERES CHEIOS;CONTEINERES CHEIOS;900;10800;5404-12023;535032023;B;EPORT 1/TECON 1;CONTEINERES
CMA CGM LITANI;MALTESA;300;9;Long;04/01/2024;;LACHMANN AGENCIA MARITIMA LTDA;EMB;DESC;CONTEINERES CHEIOS;CONTEINERES CHEIOS;1900;1900;5614-62023;531322023;B;EPORT 1/TECON 1;CONTEINERES
IRENES RESOLVE;LIBERIANA;257;7;Long;04/01/2024 05:00:00;;ROCHAMAR AGENCIA MARITIMA S/A;EMB;DESC;CONTEINERES CHEIOS;CONTEINERES CHEIOS;4536;360;5575--2023;559732023;B;EPORT 1/TECON 1;CONTEINERES
MSC PETRA;LIBERIANA;300;13.5;Long;04/01/2024 05:00:00;;MSC MEDITERRANEAN SHIPPING DO BRASIL LTDA.;EMB;DESC;CONTEINERES CHEIOS;CONTEINERES CHEIOS;12600;1800;5781-02023;577512023;B;B.T.P. 1;CONTEINERES
SEASPAN HARRIER;HONG KONG;330;13;Long;04/01/2024 23:00:00;;OCEAN NETWORK EXPRESS (LATIN AMERICA) AGENCIA MARITIMA LTDA;EMB;DESC;CONTEINERES CHEIOS;CONTEINERES CHEIOS;15300;1530;5150-02023;508672023;B;B.T.P. 1;CONTEINERES
MSC AJACCIO;MALTESA;300;10;Long;05/01/2024 01:00:00;;MSC MEDITERRANEAN SHIPPING DO BRASIL LTDA.;EMB;DESC;CONTEINERES CHEIOS;CONTEINERES CHEIOS;1800;12600;5769-02023;573102023;B;B.T.P. 1;CONTEINERES
CMA CGM RHONE;MALTESA;300;9;Long;05/01/2024 08:00:00;;LACHMANN AGENCIA MARITIMA LTDA;EMB;DESC;CONTEINERES CHEIOS;CONTEINERES CHEIOS;1800;1800;5792-12023;562992023;B;B.T.P. 1;CONTEINERES
MERIDIAN;SINGAPURENSE;189;9;Long;05/01/2024 08:00:00;;LACHMANN AGENCIA MARITIMA LTDA;EMB;DESC;CONTEINERES CHEIOS;CONTEINERES CHEIOS;1800;1800;5666-62023;550342023;B;TECON;CONTEINERES
KOTA SANTOS;LIBERIANA;334;12.8;Long;05/01/2024 12:00:00;;UNIMAR AGENCIAMENTOS MARITIMOS LTDA;EMB;DESC;CONTEINERES CHEIOS;CONTEINERES CHEIOS;12600;4500;5790-92023;573422023;B;TECON;CONTEINERES
AMÉRICO VESPÚCIO;BRASILEIRA;228;9;Cabo;05/01/2024 14:00:00;;LACHMANN AGENCIA MARITIMA LTDA;EMB;DESC;CONTEINERES CHEIOS;CONTEINERES CHEIOS;3600;3600;5708--2023;569982023;B;B.T.P.  / TECON;CONTEINERES
MONTE VERDE;SINGAPURENSE;272;9;Long;06/01/2024 01:00:00;;LACHMANN AGENCIA MARITIMA LTDA;EMB;DESC;CONTEINERES CHEIOS;CONTEINERES CHEIOS;1800;1800;5670-32023;539952023;B;TECON;CONTEINERES
MSC ANSHIKA VI;PORTUGUESA;275;10.4;Long;06/01/2024 06:00:00;;MSC MEDITERRANEAN SHIPPING DO BRASIL LTDA.;EMB;DESC;CONTEINERES CHEIOS;CONTEINERES CHEIOS;1800;14400;5783-22023;573282023;B;B.T.P. 1;CONTEINERES
GREEN HOPE;PANAMENHA;172;9;Long;06/01/2024 07:00:00;;UNIMAR AGENCIAMENTOS MARITIMOS LTDA;EMB;DESC;CONTEINERES CHEIOS;CONTEINERES CHEIOS;12600;5400;5788-42023;578232023;B;EPORT 1/TECON 1;CONTEINERES
BROOKLYN BRIDGE;JAPONESA;267;12;Long;06/01/2024 10:00:00;;OCEAN NETWORK EXPRESS (LATIN AMERICA) AGENCIA MARITIMA LTDA;EMB;DESC;CONTEINERES CHEIOS;CONTEINERES CHEIOS;15300;1530;5289-82023;523672023;B;EPORT 1/TECON 1;CONTEINERES
LOG-IN DISCOVERY;BRASILEIRA;209;8.1;Cabo;06/01/2024 12:00:00;;MSC MEDITERRANEAN SHIPPING DO BR;EMB;DESC;CONTEINERES CHEIOS;CONTEINERES CHEIOS;7200;7200;5772--2023;577572023;B;TECON;CONTEINERES
MAERSK JALAN;SINGAPURENSE;222;9;Cabo;06/01/2024 14:00:00;;LACHMANN AGENCIA MARITIMA LTDA;EMB;DESC;CONTEINERES CHEIOS;CONTEINERES CHEIOS;1800;1800;5816-82023;569942023;B;TECON;CONTEINERES
MAERSK LAMANAI;DINAMARQUESA;300;9;Long;06/01/2024 14:00:00;;LACHMANN AGENCIA MARITIMA LTDA;EMB;DESC;CONTEINERES CHEIOS;CONTEINERES CHEIOS;1800;1800;5702-22023;550432023;B;B.T.P. 1;CONTEINERES
MSC PHOENIX;LIBERIANA;300;13.2;Long;06/01/2024 18:15:00;;MSC MEDITERRANEAN SHIPPING DO BRASIL LTDA.;EMB;DESC;CONTEINERES CHEIOS;CONTEINERES CHEIOS;16200;1800;5780-32023;576942023;B;EPORT 1/TECON 1;CONTEINERES
CAP SAN ARTEMISSIO;PANAMENHA;333;9;Long;07/01/2024 01:00:00;;LACHMANN AGENCIA MARITIMA LTDA;EMB;DESC;CONTEINERES CHEIOS;CONTEINERES CHEIOS;1800;1800;5674-92023;539852023;B;TECON;CONTEINERES
BRIGHT;PORTUGUESA;186;9.6;Long;07/01/2024 08:00:00;;ZIM DO BRASIL LTDA.;EMB;DESC;CONTEINERES CHEIOS;CONTEINERES CHEIOS;1800;12690;5773-72023;553722023;B;TECON;CONTEINERES
COSCO SHIPPING PENG BO;CHINESA;202;10.8;Long;07/01/2024 12:00:00;;UNIMAR AGENCIAMENTOS MARITIMOS LTDA;DESC   ;0;CONTEINERES CHEIOS;0;3402;0;5812-22023;578212023;B;TECON;CONTEINERES
NYK DIANA;PANAMENHA;294;9.9;Long;07/01/2024 17:00:00;;OCEAN NETWORK EXPRESS (LATIN AMERICA) AGENCIA MARITIMA LTDA;EMB;DESC;CONTEINERES CHEIOS;CONTEINERES CHEIOS;1530;15300;5456-12023;543372023;B;EPORT 1/TECON 1;CONTEINERES
LONG BEACH EXPRESS;LIBERIANA;294;7;Long;08/01/2024 10:00:00;;ROCHAMAR AGENCIA MARITIMA S/A;EMB;DESC;CONTEINERES CHEIOS;CONTEINERES CHEIOS;12834;4266;5669-52023;567822023;B;TECON;CONTEINERES
MSC ALTAMIRA;LIBERIANA;299;14.2;Long;08/01/2024 11:00:00;;MSC MEDITERRANEAN SHIPPING DO BRASIL LTDA.;EMB ;0;CONTEINERES CHEIOSCONTEINERES CHEIOS;0;18000;0;5785-52023;573612023;B;B.T.P. 1;CONTEINERES
MAERSK LANCO (AO);HONG KONG;300;9;Long;09/01/2024 01:00:00;;LACHMANN AGENCIA MARITIMA LTDA;EMB;DESC;CONTEINERES CHEIOS;CONTEINERES CHEIOS;1800;1800;5700-02023;539912023;B;B.T.P. 1;CONTEINERES
MSC SOFIA CELESTE;PORTUGUESA;300;13.2;Long;09/01/2024 05:00:00;;MSC MEDITERRANEAN SHIPPING DO BRASIL LTDA.;EMB;DESC;CONTEINERES CHEIOS;CONTEINERES CHEIOS;18000;1800;5784-92023;577112023;B;B.T.P. 1;CONTEINERES
SALVADOR EXPRESS;HONG KONG;330;10;Long;09/01/2024 10:00:00;;ROCHAMAR AGENCIA MARITIMA S/A;EMB;DESC;CONTEINERES CHEIOS;CONTEINERES CHEIOS;360;35802;5768-32023;576452023;B;B.T.P. 1;CONTEINERES
MONTE OLIVIA;SINGAPURENSE;272;9;Long;10/01/2024 02:00:00;;LACHMANN AGENCIA MARITIMA LTDA;EMB;DESC;CONTEINERES CHEIOS;CONTEINERES CHEIOS;1800;1800;5675-52023;550882023;B;TECON;CONTEINERES
SEBASTIÃO CABOTO;BRASILEIRA;228;9;Cabo;11/01/2024 21:00:00;;LACHMANN AGENCIA MARITIMA LTDA;EMB;DESC;CONTEINERES CHEIOS;CONTEINERES CHEIOS;1800;1800;5817-42023;570072023;B;TECON;CONTEINERES
SEASPAN OSPREY;HONG KONG;330;14.5;Long;11/01/2024 23:00:00;;OCEAN NETWORK EXPRESS (LATIN AMERICA) AGENCIA MARITIMA LTDA;EMB ;0;CONTEINERES CHEIOSCONTEINERES CHEIOS;0;15300;0;5346-12023;529502023;B;B.T.P. 1;CONTEINERES
COSCO PRINCE RUPERT;HONG KONG;334;11.8;Long;12/01/2024;;COSCO BRASIL S/A;EMB;DESC;CONTEINERES CHEIOS;CONTEINERES CHEIOS;3600;14400;5818--2023;579672023;B;TECON;CONTEINERES
MAERSK LAMANAI;DINAMARQUESA;300;9;Long;12/01/2024 08:00:00;;LACHMANN AGENCIA MARITIMA LTDA;EMB;DESC;CONTEINERES CHEIOS;CONTEINERES CHEIOS;1800;1800;5704-52023;550482023;B;B.T.P. 1;CONTEINERES
SAN LORENZO MAERSK;DINAMARQUESA;333;9;Long;13/01/2024 03:00:00;;LACHMANN AGENCIA MARITIMA LTDA;EMB;DESC;CONTEINERES CHEIOS;CONTEINERES CHEIOS;1800;1800;5819-72023;551132023;B;TECON;CONTEINERES
MEDITERRANEAN EXPRESS;SINGAPURENSE;250;7;Long;13/01/2024 10:00:00;;ROCHAMAR AGENCIA MARITIMA S/A;EMB;DESC;CONTEINERES CHEIOS;CONTEINERES CHEIOS;16956;486;5668-92023;567872023;B;TECON;CONTEINERES
NAVIOS DOMINO;LIBERIANA;261;12.3;Long;13/01/2024 13:00:00;;OCEAN NETWORK EXPRESS (LATIN AMERICA) AGENCIA MARITIMA LTDA;EMB;DESC;CONTEINERES CHEIOS;CONTEINERES CHEIOS;15300;1530;5327-72023;525132023;B;EPORT 1/TECON 1;CONTEINERES
MAERSK LOTA;DINAMARQUESA;300;9;Long;13/01/2024 14:00:00;;LACHMANN AGENCIA MARITIMA LTDA;EMB;DESC;CONTEINERES CHEIOS;CONTEINERES CHEIOS;1800;1800;5701-62023;550682023;B;B.T.P. 1;CONTEINERES
CAP SAN MALEAS;PANAMENHA;333;9;Long;14/01/2024 01:00:00;;LACHMANN AGENCIA MARITIMA LTDA;EMB;DESC;CONTEINERES CHEIOS;CONTEINERES CHEIOS;1800;1800;5815-12023;540022023;B;TECON;CONTEINERES
ATACAMA;LIBERIANA;300;9;Long;16/01/2024 08:00:00;;LACHMANN AGENCIA MARITIMA LTDA;EMB;DESC;CONTEINERES CHEIOS;CONTEINERES CHEIOS;1800;1800;5809-12023;550152023;B;B.T.P. 1;CONTEINERES
CAUQUENES;LIBERIANA;300;7;Long;16/01/2024 10:00:00;;ROCHAMAR AGENCIA MARITIMA S/A;EMB;DESC;CONTEINERES CHEIOS;CONTEINERES CHEIOS;1080;26226;5767-72023;573962023;B;B.T.P. 1;CONTEINERES
COSCO PRINCE RUPERT;HONG KONG;334;11.2;Long;19/01/2024;;COSCO BRASIL S/A;EMB;DESC;CONTEINERES CHEIOS;CONTEINERES CHEIOS;14400;1800;5813-92023;579782023;B;TECON;CONTEINERES
MAERSK LOTA;DINAMARQUESA;300;9;Long;19/01/2024 08:00:00;;LACHMANN AGENCIA MARITIMA LTDA;EMB;DESC;CONTEINERES CHEIOS;CONTEINERES CHEIOS;1800;1800;5703-92023;550752023;B;B.T.P. 1;CONTEINERES
MERIDIAN;SINGAPURENSE;189;9;Long;19/01/2024 08:00:00;;LACHMANN AGENCIA MARITIMA LTDA;EMB;DESC;CONTEINERES CHEIOS;CONTEINERES CHEIOS;1800;1800;5680-92023;550392023;B;TECON;CONTEINERES
PL GERMANY;SINGAPURENSE;281;9;Long;19/01/2024 20:50:00;;LACHMANN AGENCIA MARITIMA LTDA;EMB;DESC;CONTEINERES CHEIOS;CONTEINERES CHEIOS;1800;1800;5811-62023;551102023;B;B.T.P. 1;CONTEINERES
XIN NAN TONG;CHINESA;263;11.8;Long;20/01/2024;;COSCO BRASIL S/A;EMB;DESC;CONTEINERES CHEIOS;CONTEINERES CHEIOS;10800;1800;5824--2023;579852023;B;EPORT 1/TECON 1;CONTEINERES
BREMEN BELLE;SINGAPURENSE;281;9;Long;20/01/2024 02:00:00;;LACHMANN AGENCIA MARITIMA LTDA;EMB;DESC;CONTEINERES CHEIOS;CONTEINERES CHEIOS;1800;1800;5810-02023;550162023;B;B.T.P. 1;CONTEINERES
SAN MARCO MAERSK;DINAMARQUESA;333;9;Long;20/01/2024 03:00:00;;LACHMANN AGENCIA MARITIMA LTDA;EMB;DESC;CONTEINERES CHEIOS;CONTEINERES CHEIOS;1800;1800;5681-52023;551232023;B;TECON;CONTEINERES
MONTE OLIVIA;SINGAPURENSE;272;9;Long;20/01/2024 08:00:00;;LACHMANN AGENCIA MARITIMA LTDA;EMB;DESC;CONTEINERES CHEIOS;CONTEINERES CHEIOS;1800;1800;5682-12023;550942023;B;TECON;CONTEINERES
RDO ENDEAVOUR;LIBERIANA;285;13.1;Long;20/01/2024 13:00:00;;OCEAN NETWORK EXPRESS (LATIN AMERICA) AGENCIA MARITIMA LTDA;EMB;DESC;CONTEINERES CHEIOS;CONTEINERES CHEIOS;15300;1530;5800-42023;579882023;B;EPORT 1/TECON 1;CONTEINERES
MONTE CERVANTES (AO);SINGAPURENSE;272;9;Long;24/01/2024 02:00:00;;LACHMANN AGENCIA MARITIMA LTDA;EMB;DESC;CONTEINERES CHEIOS;CONTEINERES CHEIOS;1800;1800;5684-42023;550822023;B;TECON;CONTEINERES
MAERSK BERMUDA;SINGAPURENSE;195;9;Long;26/01/2024 08:00:00;;LACHMANN AGENCIA MARITIMA LTDA;EMB;DESC;CONTEINERES CHEIOS;CONTEINERES CHEIOS;1800;1800;5687-32023;550072023;B;TECON;CONTEINERES
BREMEN BELLE;SINGAPURENSE;281;9;Long;26/01/2024 16:00:00;;LACHMANN AGENCIA MARITIMA LTDA;EMB;DESC;CONTEINERES CHEIOS;CONTEINERES CHEIOS;1800;1800;5808-52023;550232023;B;B.T.P. 1;CONTEINERES
CAP SAN SOUNIO;PANAMENHA;333;9;Long;27/01/2024 03:00:00;;LACHMANN AGENCIA MARITIMA LTDA;EMB;DESC;CONTEINERES CHEIOS;CONTEINERES CHEIOS;1800;1800;5686-72023;550262023;B;TECON;CONTEINERES
XIN FU ZHOU;CHINESA;280;10;Long;27/01/2024 07:00:00;;COSCO BRASIL S/A;EMB;DESC;CONTEINERES CHEIOS;CONTEINERES CHEIOS;1800;14400;5238-42023;519442023;B;TECON;CONTEINERES
MAERSK MONTE AZUL;SINGAPURENSE;272;9;Long;27/01/2024 08:00:00;;LACHMANN AGENCIA MARITIMA LTDA;EMB;DESC;CONTEINERES CHEIOS;CONTEINERES CHEIOS;1800;1800;5685--2023;553862023;B;TECON;CONTEINERES
SAN LORENZO MAERSK;DINAMARQUESA;333;9;Long;28/01/2024 02:00:00;;LACHMANN AGENCIA MARITIMA LTDA;EMB;DESC;CONTEINERES CHEIOS;CONTEINERES CHEIOS;1800;1800;5814-52023;551212023;B;TECON;CONTEINERES
ONE PARANA;HONG KONG;330;12.2;Long;29/01/2024 17:00:00;;OCEAN NETWORK EXPRESS (LATIN AMERICA) AGENCIA MARITIMA LTDA;EMB;DESC;CONTEINERES CHEIOS;CONTEINERES CHEIOS;1530;15300;5738-72023;573162023;B;B.T.P. 1;CONTEINERES
MAERSK LAVRAS;DINAMARQUESA;300;9;Long;30/01/2024 08:00:00;;LACHMANN AGENCIA MARITIMA LTDA;EMB;DESC;CONTEINERES CHEIOS;CONTEINERES CHEIOS;1800;1800;5736-42023;550612023;B;B.T.P. 1;CONTEINERES
ONE PARANA;HONG KONG;330;14.5;Long;15/02/2024 23:00:00;;OCEAN NETWORK EXPRESS (LATIN AMERICA) AGENCIA MARITIMA LTDA;EMB;DESC;CONTEINERES CHEIOS;CONTEINERES CHEIOS;15300;1530;5737--2023;573242023;B;B.T.P. 1;CONTEINERES
TATE J;ILHAS MARSHALL;180;9.8;Long;20/12/2023 04:42:00;5352-0;UNIMAR AGENCIAMENTOS MARITIMOS LTDA;EMB ;0;ACUCAR;0;32220;0;5609-22023;560152023;C3;16/17-19;PRIORIDADE C3
BOW TRIDENT;NORUEGUESA;183;8;Long;25/12/2023 13:50:00;5443-7;AGENCIA MARITIMA GRANEL LTDA.;EMB ;0;OUTROS;0;10;0;5717-02023;568102023;C5;ALAMOA;PRIORIDADE C5
ARACARI ARROW;BAHAMENSE;199;11;Long;28/12/2023;;WILSON SONS S/A - COMERCIO, INDUSTRIA E AGENCIA DE NAVEGACAO;EMB ;0;PAPEL E CELULOSE;0;23500;0;4915-22023;487162023;C5;EPORT 1/TECON 1;PRIORIDADE C5
BIRCH ARROW (EX-GREAT CRY;BAHAMENSE;196;11;Long;28/12/2023;;WILSON SONS S/A - COMERCIO, INDUSTRIA E AGENCIA DE NAVEGACAO;EMB ;0;PAPEL E CELULOSE;0;36000;0;5277-02023;522212023;C5;35/37;PRIORIDADE C5
CONDOR PATAGONIA;ANTIGUANA;140;9;Long;28/12/2023;;WILSON SONS S/A - COMERCIO, INDUSTRIA E AGENCIA DE NAVEGACAO;EMB ;0;OUTROS;0;1000;0;5749-92023;573632023;C5;TECONDI;PRIORIDADE C5
ENDLESS SUMMER;ILHAS MARSHALL;183;10.6;Cabo;28/12/2023;;INACIO FRANCISCO DA SILVA LOG EPP;EMB ;0;OUTROS;0;1;0;5742-42023;573142023;C5;CODESP-RUA;PRIORIDADE C5
PINGUIM;BRASILEIRA;85;5;Long;28/12/2023;;ROCHAMAR AGENCIA MARITIMA S/A;EMB ;0;OUTROS;0;1;0;4289-42023;430642023;C5;W e S;PRIORIDADE C5
SAVEIROS GAIVOTA;BRASILEIRA;62;4;Long;28/12/2023;;WILSON SONS S/A - COMERCIO, INDUSTRIA E AGENCIA DE NAVEGACAO;EMB ;0;OUTROS;0;1;0;4815-82023;477722023;C5;SAIPEN;PRIORIDADE C5
ELLINA;MALTESA;229;13.1;Long;28/12/2023 11:00:00;5489-5;AGÊNCIA MARÍTIMA ORION;EMB ;0;OUTROS;0;1;0;5794-42023;578932023;C5;CODESP-RUA;PRIORIDADE C5
SEAWAYS GALLE;LIBERIANA;184;5;Long;27/07/2023 12:30:00;3132-1;ROCHAMAR AGENCIA MARITIMA S/A;EMB ;0;BANKER;0;1;0;3281-02023;330192023;SP;CODESP-RUA;SEM PRIORIDADE
GOLDEN CITRUS;PORTUGUESA;180;10.5;Long;17/11/2023 08:00:00;4854-2;RELIANCE AGENCIAMENTO E SERVICOS PORTUARIOS LTDA.;EMB ;0;SUCOS CITRICOS A GRANEL;0;19616;0;5072-92023;500182023;B;29;SEM PRIORIDADE
SPARROWHAWK;ILHAS MARSHALL;147;7;Long;20/12/2023 06:12:00;5355-4;ROCHAMAR AGENCIA MARITIMA S/A;EMB;DESC;GRAN.SOLIDO NAO ESPECIF;OLEO LUBRIFICANTE;1006;2000;5591-62023;555602023;B;ALAMOA;SEM PRIORIDADE
BOCHEM ROTTERDAM;PORTUGUESA;159;8;Long;25/12/2023 04:25:00;5432-1;UNIMAR AGENCIAMENTOS MARITIMOS LTDA;EMB ;0;GRAN.LIQUIDO NAO ESPECIF;0;15300;0;5587-92023;558842023;B;ALA.-I.B.;SEM PRIORIDADE
CHEMROAD WING;PANAMENHA;170;11;Long;25/12/2023 05:50:00;5434-8;WORLD SHIPPING AGENCIAMENTOS LTDA;EMB ;0;ETHANOL;0;28404;0;5706-82023;566672023;B;AGEO(ILHA);SEM PRIORIDADE
BBC REEF;PANAMENHA;162;8;Long;28/12/2023;;L.M.A. SHIPPING & CONSULTING - SERV. MARITIMOS E CONS. LTDA;EMB ;0;BANKER;0;1;0;4823--2023;477032023;SP;CODESP-RUA;SEM PRIORIDADE
HAM 316;PANAMENHA;128;8;Long;28/12/2023;;UNIMAR AGENCIAMENTOS MARITIMOS LTDA;EMB ;0;CARGA GERAL;0;1;0;5513-52023;548922023;B;CODESP-RUA;SEM PRIORIDADE
NORD SUPREME;DINAMARQUESA;183;9;Long;28/12/2023;;NORTH STAR SUDESTE SERVICOS MARITIMOS LTDA-EPP;EMB ;0;CONSUMO DE BORDO;0;27;0;2675-42023;269952023;SP;SABOO LQ.;SEM PRIORIDADE
ROBUSTA;ILHAS MARSHALL;201;7;Long;28/12/2023;;WILSON SONS S/A - COMERCIO, INDUSTRIA E AGENCIA DE NAVEGACAO;EMB ;0;PAPEL E CELULOSE;0;55000;0;5501-72023;548172023;B;EPORT 1/TECON 1;SEM PRIORIDADE
TS 2;BRASILEIRA;35;2.2;Cabo;28/12/2023;;BPA AGENCIAMENTOS MARITIMOS LTDA.;EMB ;0;CARGA GERAL;0;246;0;5579-62023;548272023;B;CAIS SABOO;SEM PRIORIDADE
COSCO SHIPPING XING WANG;CHINESA;202;12;Long;28/12/2023 07:00:00;;WILSON SONS S/A - COMERCIO, INDUSTRIA E AGENCIA DE NAVEGACAO;EMB ;0;PAPEL E CELULOSE;0;23600;0;5585-62023;561872023;B;CODESP-RUA;SEM PRIORIDADE
COSCO SHIPPING ZHUO YUE;CHINESA;202;12;Long;28/12/2023 07:00:00;;WILSON SONS S/A - COMERCIO, INDUSTRIA E AGENCIA DE NAVEGACAO;EMB ;0;PAPEL E CELULOSE;0;25500;0;5723-02023;572142023;B;35/37;SEM PRIORIDADE
TS ASSANHADO;BRASILEIRA;25;2;Cabo;28/12/2023 07:00:00;;BPA AGENCIAMENTOS MARITIMOS LTDA.;EMB ;0;CARGA GERAL;0;246;0;5739-32023;573672023;B;CAIS SABOO;SEM PRIORIDADE
VICTORIA;LIBERIANA;190;10;Long;28/12/2023 12:30:00;5491-7;WILHELMSEN PORT SERVICES BRASIL LTDA;EMB ;0;PAPEL E CELULOSE;0;44000;0;5745-32023;571352023;B;32;SEM PRIORIDADE
AUTUMN STREAM;BAHAMENSE;158;9;Long;30/12/2023 01:00:00;;AGÊNCIA MARÍTIMA ORION;EMB ;0;BANKER;0;500;0;5758-82023;574462023;SP;CODESP-RUA;SEM PRIORIDADE
BBC UTAH;LIBERIANA;138;8.2;Long;31/12/2023 07:00:00;;BPA AGENCIAMENTOS MARITIMOS LTDA.;EMB ;0;BANKER;0;365;0;5722-32023;571192023;SP;TECONDI;SEM PRIORIDADE
SOFIA K (BAND. GREYLIST P;PANAMENHA;183;7;Long;31/12/2023 13:00:00;;WILSON SONS S/A - COMERCIO, INDUSTRIA E AGENCIA DE NAVEGACAO;DESC   ;0;OLEO DIESEL;0;30000;0;5743--2023;573622023;B;ALAMOA;SEM PRIORIDADE
SAN ANTONIO EXPRESS;CHILENA;224;7;Long;01/01/2024 10:00:00;;ROCHAMAR AGENCIA MARITIMA S/A;EMB;DESC;CONSUMO DE BORDO;CONTEINERES CHEIOS;64170;4266;5615-22023;531842023;B;TECON;SEM PRIORIDADE
